nom,categorie,adresse,ville,telephone,note,nb_avis,lien_fiche,source,a_completer
Maroc Industrie Automobile (M.I.A),Garage automobile / Mécanique,"rue Ibn Rachid El Fihri (R.Noires), n°86/87 rdc. Hay roches noires 20290",Casablanca,05 22 24 97 99,4.7,3,https://www.telecontact.ma/annonceur/maroc-industrie-automobile-m-i-a/1129900/casablanca.php,telecontact.ma,false
Accessoires Réparations Automobiles (A.R.A.),Garage automobile / Mécanique,36 rue Beni Amar Hay mohammadi,Casablanca,05 22 61 31 24,,0,https://www.telecontact.ma/annonceur/a-r-a/2158896/casablanca.php,telecontact.ma,false
Adel Multi-Services,Garage automobile / Mécanique,107 bd de Sefrou Ain chok,Casablanca,05 22 21 63 83,,0,https://www.telecontact.ma/annonceur/adel-multi-services/3184739/casablanca.php,telecontact.ma,false
AF Petroleum,Garage automobile / Mécanique,320 rue Mostapha El Maani Quartier mers sultan 2,Casablanca,,,0,https://www.telecontact.ma/annonceur/af-petroleum/2120098/casablanca.php,telecontact.ma,true
Ajai Automotive,Garage automobile / Mécanique,"61 avenue Lalla Yacout, 2eme ét.",Casablanca,,,0,https://www.telecontact.ma/annonceur/ajai-automotive/9053017/casablanca.php,telecontact.ma,true
Akyahi Service Auto,Garage automobile / Mécanique,66_68 Bd Oued Tensift Oulfa,Casablanca,,,0,https://www.telecontact.ma/annonceur/akyahi-service-auto/3383832/casablanca.php,telecontact.ma,true
Alla Tol,Garage automobile / Mécanique,111 bd Moulay Youssef Quartier bourgogne,Casablanca,05 22 22 54 61,,0,https://www.telecontact.ma/annonceur/alla-tol/3075043/casablanca.php,telecontact.ma,false
AR Hydraulique,Garage automobile / Mécanique,"46 bd Mohamed Zerktouni, 2°ét., appt. 6",Casablanca,,,0,https://www.telecontact.ma/annonceur/ar-hydraulique/3394751/casablanca.php,telecontact.ma,true
Astra Auto,Garage automobile / Mécanique,"hay El Oulfa, grp. H, rue 170 n°7",Casablanca,05 22 91 43 98,,0,https://www.telecontact.ma/annonceur/astra-auto/2174375/casablanca.php,telecontact.ma,false
Atelier Des Transporteurs,Garage automobile / Mécanique,51 rue Koutaiba Ibn Mouslim-ex Giroflée Maarif,Casablanca,05 22 23 23 49,,0,https://www.telecontact.ma/annonceur/atelier-des-transporteurs/2183555/casablanca.php,telecontact.ma,false
Au Garage Salim,Garage automobile / Mécanique,"35 rue d'Asni -ex Cuvier, bd Mlu Youssef Quartier bourgogne",Casablanca,06 33 85 14 51,,0,https://www.telecontact.ma/annonceur/au-garage-salim/9009985/casablanca.php,telecontact.ma,false
Auto 35,Garage automobile / Mécanique,22 rue Abdelhamid Bnou Badis Beausite,Casablanca,05 22 35 26 98,,0,https://www.telecontact.ma/annonceur/auto-35/3178330/casablanca.php,telecontact.ma,false
Auto Brothers,Garage automobile / Mécanique,64 allée des Orangers Oukacha,Casablanca,05 22 35 84 84,,0,https://www.telecontact.ma/annonceur/auto-brothers/3293448/casablanca.php,telecontact.ma,false
Auto Chakir,Garage automobile / Mécanique,"46 bd Mohamed Zerktouni, Virtuel Space bur. n°15-16 6éme étg.",Casablanca,,,0,https://www.telecontact.ma/annonceur/auto-chakir/9052813/casablanca.php,telecontact.ma,true
Auto Diagnostic Technique,Garage automobile / Mécanique,17 rue Ibn El Kotaiba France ville,Casablanca,05 22 23 22 64,,0,https://www.telecontact.ma/annonceur/auto-diagnostic-technique/3149837/casablanca.php,telecontact.ma,false
Auto El Mekki Benhamdoune,Garage automobile / Mécanique,"295 Lot. Haddioui, RDC Sidi Maârouf",Casablanca,06 12 49 03 31,,0,https://www.telecontact.ma/annonceur/auto-el-mekki-benhamdoune/9018285/casablanca.php,telecontact.ma,false
Auto ElAhram,Garage automobile / Mécanique,140 bd Oued Loukos,Casablanca,05 22 89 46 89,,0,https://www.telecontact.ma/annonceur/auto-elahram/3138543/casablanca.php,telecontact.ma,false
Auto Founoun,Garage automobile / Mécanique,"12 rue Boujemaa Sabri -ex Grébert, 1°ét., appt. 6",Casablanca,,,0,https://www.telecontact.ma/annonceur/auto-founoun/3408350/casablanca.php,telecontact.ma,true
Auto Health,Garage automobile / Mécanique,"hay El Oulfa, rue 166 bloc H n° 23-25",Casablanca,,,0,https://www.telecontact.ma/annonceur/auto-health/3225970/casablanca.php,telecontact.ma,true
Auto Laaroussi,Garage automobile / Mécanique,"10 bd de la Liberté, 3°ét., Appt. 6 C/O C.A. Liberté",Casablanca,,,0,https://www.telecontact.ma/annonceur/auto-laaroussi/3446417/casablanca.php,telecontact.ma,true
Auto Maitrise,Garage automobile / Mécanique,206 bd Mohammed VI (ex rte Mediouna) Quartier mers sultan 1,Casablanca,05 22 44 50 36,,0,https://www.telecontact.ma/annonceur/auto-maitrise/3116288/casablanca.php,telecontact.ma,false
Auto One,Garage automobile / Mécanique,"quartier Beausite, voie Ain Sebaa 31 Beausite",Casablanca,05 22 34 40 50,,0,https://www.telecontact.ma/annonceur/auto-one/3299613/casablanca.php,telecontact.ma,false
Auto Service Ayoub,Garage automobile / Mécanique,"61 avenue Lalla Yacout, 4ème étg. n°16",Casablanca,,,0,https://www.telecontact.ma/annonceur/auto-service-ayoub/3438796/casablanca.php,telecontact.ma,true
Auto Speedy,Garage automobile / Mécanique,"111 bd Moulay Slimane, station Afriquia, Roches Noires Oukacha",Casablanca,05 22 67 39 24,,0,https://www.telecontact.ma/annonceur/auto-speedy/3154334/casablanca.php,telecontact.ma,false
Auto Speedy,Garage automobile / Mécanique,"route de Bouskoura (c.t.1029), Marjane",Casablanca,05 22 50 53 90,,0,https://www.telecontact.ma/annonceur/auto-speedy/3154343/casablanca.php,telecontact.ma,false
Auto Speedy,Garage automobile / Mécanique,"quartier Beausite, parking Marjane Aïn Sebaâ Beausite",Casablanca,05 22 67 36 22,,0,https://www.telecontact.ma/annonceur/auto-speedy/3111789/casablanca.php,telecontact.ma,false
Auto Speedy,Garage automobile / Mécanique,"18 bd Massira El Khadra, imm. Massimo Dutti 3°ét. Maarif",Casablanca,05 22 97 45 75,,0,https://www.telecontact.ma/annonceur/auto-speedy/3060494/casablanca.php,telecontact.ma,false
Auto Vox,Garage automobile / Mécanique,"avenue Oued Dahab (cité Jemâa), Jamila 7, rue 3, n°16-18 Cite jamila 7",Casablanca,06 17 36 07 36,,0,https://www.telecontact.ma/annonceur/auto-vox/9038989/casablanca.php,telecontact.ma,false
Auto WorkShop,Garage automobile / Mécanique,"39 avenue Lalla Yacout, 5°ét., appt. D Quartier mers sultan 1",Casablanca,07 14 55 02 42,,0,https://www.telecontact.ma/annonceur/auto-workshop/3387894/casablanca.php,telecontact.ma,false
Auto'Set,Garage automobile / Mécanique,86 avenue Oued Beht - ex B,Casablanca,05 22 93 01 82,,0,https://www.telecontact.ma/annonceur/auto-set/3225684/casablanca.php,telecontact.ma,false
Auto-Service (atelier auto),Garage automobile / Mécanique,23 rue Malik Bnou Mourhil Maarif,Casablanca,,,0,https://www.telecontact.ma/annonceur/auto-service-atelier-auto/2169663/casablanca.php,telecontact.ma,true
Automotive Maintenance Services (AMS),Garage automobile / Mécanique,"10 rue Ali Abderrazak - ex Mirabeau, 2°ét. Maarif",Casablanca,05 20 15 08 52,,0,https://www.telecontact.ma/annonceur/ams/3202935/casablanca.php,telecontact.ma,false
Automotive Maintenance Services (AMS),Garage automobile / Mécanique,"8 chemin des Pivoines, q. Beausite Beausite",Casablanca,05 20 36 40 70,,0,https://www.telecontact.ma/annonceur/ams/3039490/casablanca.php,telecontact.ma,false
Autos Duisburg,Garage automobile / Mécanique,112 avenue Oued Beht - ex B (El Oulfa),Casablanca,,,0,https://www.telecontact.ma/annonceur/autos-duisburg/3131541/casablanca.php,telecontact.ma,true
Autos Khalil,Garage automobile / Mécanique,116 rue Jaafar El Barmaki Hay mohammadi,Casablanca,05 22 62 38 05,,0,https://www.telecontact.ma/annonceur/autos-khalil/2171606/casablanca.php,telecontact.ma,false
Benta Auto,Garage automobile / Mécanique,"K106 route Zenata, km 10.6, q.i. Beausite",Casablanca,05 22 66 20 50,,0,https://www.telecontact.ma/annonceur/benta-auto/3362209/casablanca.php,telecontact.ma,false
Boss Auto,Garage automobile / Mécanique,"lot. Elhamra, rue 2 n°21 Hay inara",Casablanca,05 22 87 54 50,5.0,2,https://www.telecontact.ma/annonceur/boss-auto/3234335/casablanca.php,telecontact.ma,false
Bourzik Auto Distribution,Garage automobile / Mécanique,"65 allée des Peupliers, hay Castor Beausite",Casablanca,,,0,https://www.telecontact.ma/annonceur/bourzik-auto-distribution/3091871/casablanca.php,telecontact.ma,true
Cardan ElBaïda,Garage automobile / Mécanique,"hay El Oulfa, grp. O rue 69 n°101",Casablanca,05 22 91 45 79,,0,https://www.telecontact.ma/annonceur/cardan-elbaida/3072470/casablanca.php,telecontact.ma,false
Carrosserie Maarif,Garage automobile / Carrosserie,"hay Baraka (Ben Msik), rue 27 n°395 Hay sidi othmane",Casablanca,,,0,https://www.telecontact.ma/annonceur/carrosserie-maarif/3112634/casablanca.php,telecontact.ma,true
Carrosserie Richelieu,Garage automobile / Carrosserie,131 bd Emile Zola Belvedere,Casablanca,05 22 31 08 57,,0,https://www.telecontact.ma/annonceur/carrosserie-richelieu/2128980/casablanca.php,telecontact.ma,false
Casa Man,Garage automobile / Mécanique,103 hay Amal IV Sidi bernoussi,Casablanca,,,0,https://www.telecontact.ma/annonceur/casa-man/3304565/casablanca.php,telecontact.ma,true
Cendiag,Garage automobile / Mécanique,273 rue Mostapha El Maani Quartier mers sultan 2,Casablanca,05 27 38 61 74,,0,https://www.telecontact.ma/annonceur/cendiag/3207366/casablanca.php,telecontact.ma,false
Chakir Abdelaziz,Garage automobile / Mécanique,"hay El Osra 1, rue 13 n°33 Aïn Chock Ain chok",Casablanca,,,0,https://www.telecontact.ma/annonceur/chakir-abdelaziz/3114735/casablanca.php,telecontact.ma,true
Chez Allal,Garage automobile / Mécanique,"hay El Osra, rue 10 n°88 Hay moulay abdellah",Casablanca,05 22 52 19 26,,0,https://www.telecontact.ma/annonceur/chez-allal/3223677/casablanca.php,telecontact.ma,false
Chez Fekkak Louhayle,Garage automobile / Mécanique,691 bd Mohammed VI Nouvelle médina,Casablanca,,,0,https://www.telecontact.ma/annonceur/chez-fekkak-louhayle/3234497/casablanca.php,telecontact.ma,true
Chrono Auto,Garage automobile / Mécanique,145 Lot Communal Hay sidi maarouf 1,Casablanca,06 33 74 21 34,5.0,1,https://www.telecontact.ma/annonceur/chrono-auto/3357045/casablanca.php,telecontact.ma,false
City Car Repair,Garage automobile / Mécanique,36 bd de la Gare (Aïn Sebâa),Casablanca,05 22 34 20 20,,0,https://www.telecontact.ma/annonceur/city-car-repair/3394856/casablanca.php,telecontact.ma,false
Commercialisation Et Réparation Hydrocureuse C.R.H,Garage automobile / Mécanique,"201 bd d'Anfa, 1°ét.",Casablanca,,,0,https://www.telecontact.ma/annonceur/c-r-h/3361575/casablanca.php,telecontact.ma,true
Comzak,Garage automobile / Mécanique,"hay El Osra, rue 21 n°64 Hay moulay abdellah",Casablanca,05 22 50 84 96,,0,https://www.telecontact.ma/annonceur/comzak/3304632/casablanca.php,telecontact.ma,false
Culasse,Garage automobile / Mécanique,1191 route de Médiouna Sbata,Casablanca,05 22 37 37 70,,0,https://www.telecontact.ma/annonceur/culasse/2185523/casablanca.php,telecontact.ma,false
Diag Amine Laarafi,Garage automobile / Mécanique,"12 rue Boujemaa Sabri -ex Grébert, 1er étg. n°6",Casablanca,,,0,https://www.telecontact.ma/annonceur/diag-amine-laarafi/3357270/casablanca.php,telecontact.ma,true
Diagnostic Al Adama,Garage automobile / Mécanique,"hay El Fadl, rue 5 n°10 Ain chok",Casablanca,06 99 22 18 24,,0,https://www.telecontact.ma/annonceur/diagnostic-al-adama/3295245/casablanca.php,telecontact.ma,false
Diagnostic Electronic Automobile Services DEAS,Garage automobile / Mécanique,126 bd Oued Beht - ex B,Casablanca,05 22 93 83 77,,0,https://www.telecontact.ma/annonceur/deas/3167253/casablanca.php,telecontact.ma,false
Diam Auto,Garage automobile / Mécanique,350 bd de la Grande Ceinture (h.Mohammadi) Hay mohammadi,Casablanca,05 22 35 47 34,,0,https://www.telecontact.ma/annonceur/diam-auto/3113495/casablanca.php,telecontact.ma,false
Dikna Service,Garage automobile / Mécanique,"46 bd Mohamed Zerktouni, 2°ét., appt. 6 Marché central",Casablanca,,,0,https://www.telecontact.ma/annonceur/dikna-service/3436300/casablanca.php,telecontact.ma,true
Dream Diag Auto,Garage automobile / Mécanique,"hay Moulay Abdallah, rue 238 n°10",Casablanca,,,0,https://www.telecontact.ma/annonceur/dream-diag-auto/3399304/casablanca.php,telecontact.ma,true
Dépannage Mondial,Garage automobile / Mécanique,136 bd Moukaouama - ex Résistance Marché central,Casablanca,,,0,https://www.telecontact.ma/annonceur/depannage-mondial/0681500/casablanca.php,telecontact.ma,true
Easyfor,Garage automobile / Mécanique,134 bd Oued Moulouya,Casablanca,05 22 90 10 91,,0,https://www.telecontact.ma/annonceur/easyfor/3225601/casablanca.php,telecontact.ma,false
Electricité Auto Jinah,Garage automobile / Mécanique,259 bd de la Grande Ceinture (h.Mohammadi) Hay mohammadi,Casablanca,,,0,https://www.telecontact.ma/annonceur/electricite-auto-jinah/2225083/casablanca.php,telecontact.ma,true
Electro Diesel Baia,Garage automobile / Mécanique,"hay Sadri (Bournazel), grp. 3 rue 36 n°8 bis Hay moulay rachid",Casablanca,05 22 71 37 10,,0,https://www.telecontact.ma/annonceur/electro-diesel-baia/3107817/casablanca.php,telecontact.ma,false
Elgazouli Mohamed,Garage automobile / Mécanique,12 rue Jabal Ayachi (hay Antaria I) Hay mohammadi,Casablanca,,,0,https://www.telecontact.ma/annonceur/elgazouli-mohamed/3137880/casablanca.php,telecontact.ma,true
Elite Auto,Garage automobile / Mécanique,22 rue Koutaiba Ibn Mouslim-ex Giroflée Maarif,Casablanca,05 22 98 74 19,,0,https://www.telecontact.ma/annonceur/elite-auto/3113395/casablanca.php,telecontact.ma,false
Energie Turbo,Garage automobile / Mécanique,34 allée des Eucalyptus (Aïn Sebâa) Beausite,Casablanca,06 57 11 01 60,,0,https://www.telecontact.ma/annonceur/energie-turbo/3313496/casablanca.php,telecontact.ma,false
Energy Turbo 2,Garage automobile / Mécanique,02 allée des Poiriers résid. Le Noble,Casablanca,05 22 34 21 76,,0,https://www.telecontact.ma/annonceur/energy-turbo-2/9039005/casablanca.php,telecontact.ma,false
Ere Auto,Garage automobile / Mécanique,"K100 quartier Lissasfa (route d'El Jadida), km 10, cplxe industriel Mays",Casablanca,05 22 92 13 13,,0,https://www.telecontact.ma/annonceur/ere-auto/3333430/casablanca.php,telecontact.ma,false
Etape Auto Maroc,Garage automobile / Mécanique,"quartier Beausite, voie As 31 Beausite",Casablanca,05 22 34 40 50,,0,https://www.telecontact.ma/annonceur/etape-auto-maroc/3285539/casablanca.php,telecontact.ma,false
Ets Abdelaziz Elguezzar,Garage automobile / Mécanique,"hay Moulay Abdallah (Ain Chok), rue 7 N°27 Ain chok",Casablanca,,,0,https://www.telecontact.ma/annonceur/ets-abdelaziz-elguezzar/3002016/casablanca.php,telecontact.ma,true
Ets Abdelaziz Hicham,Garage automobile / Mécanique,"68 route des Oulad Ziane, hay Tissir Hay farah",Casablanca,,,0,https://www.telecontact.ma/annonceur/ets-abdelaziz-hicham/3076283/casablanca.php,telecontact.ma,true
Ets Abdellah Taleb,Garage automobile / Mécanique,462 bd Aba Chouaïb Doukali Hay farah,Casablanca,05 22 81 16 37,,0,https://www.telecontact.ma/annonceur/ets-abdellah-taleb/2164909/casablanca.php,telecontact.ma,false
Ets Breyton,Garage automobile / Mécanique,7 bd du Fouarat,Casablanca,,,0,https://www.telecontact.ma/annonceur/ets-breyton/3401148/casablanca.php,telecontact.ma,true
Ets Khalidine,Garage automobile / Mécanique,"1519 bd Mohammed VI (ex rte Mediouna), Jamila I Sbata",Casablanca,,,0,https://www.telecontact.ma/annonceur/ets-khalidine/3109936/casablanca.php,telecontact.ma,true
Ettabaa Rénovation,Garage automobile / Mécanique,"hay El Oulfa, grp.C rue 81 n°50",Casablanca,05 22 90 06 52,,0,https://www.telecontact.ma/annonceur/ettabaa-renovation/2182296/casablanca.php,telecontact.ma,false
Excel Auto Pro,Garage automobile / Mécanique,"6 rue caporal Driss Chbakou -ex Maginot, esc. C, 1°ét. n°B1 Ain borja",Casablanca,05 22 60 01 80,,0,https://www.telecontact.ma/annonceur/excel-auto-pro/3337833/casablanca.php,telecontact.ma,false
Fast Pro,Garage automobile / Mécanique,"rte d'Azemmour, hay Nassim II",Casablanca,05 22 95 08 54,,0,https://www.telecontact.ma/annonceur/fast-pro/3039272/casablanca.php,telecontact.ma,false
Fast Pro,Garage automobile / Mécanique,bd Moulay Slimane Oukacha,Casablanca,05 22 66 58 02,,0,https://www.telecontact.ma/annonceur/fast-pro/3083683/casablanca.php,telecontact.ma,false
Fast Pro,Garage automobile / Mécanique,16 rue du Soldat Raphaël Mariscal Ain borja,Casablanca,05 22 63 35 00,,0,https://www.telecontact.ma/annonceur/fast-pro/2214505/casablanca.php,telecontact.ma,false
Fliservice-Auto,Garage automobile / Mécanique,10 bd de la Liberté 3ème étage Aptt 6,Casablanca,,,0,https://www.telecontact.ma/annonceur/fliservice-auto/3450271/casablanca.php,telecontact.ma,true
Fobat,Garage automobile / Mécanique,"13 hay Sidi Moumen, lotiss. Ennasr et Yamna",Casablanca,,,0,https://www.telecontact.ma/annonceur/fobat/3379668/casablanca.php,telecontact.ma,true
Foubumar,Garage automobile / Mécanique,"K093 route des Zenatas (côtière), km 9.3 Ain Sebaâ Beausite",Casablanca,05 22 66 49 40,,0,https://www.telecontact.ma/annonceur/foubumar/3172942/casablanca.php,telecontact.ma,false
Galaxi Power Auto,Garage automobile / Mécanique,167 bd de la Gironde,Casablanca,05 22 85 22 22,,0,https://www.telecontact.ma/annonceur/galaxi-power-auto/3430976/casablanca.php,telecontact.ma,false
Garage Abdelmalek,Garage automobile / Mécanique,39 rue Tarik Bnou Ziad Quartier des hopitaux,Casablanca,05 22 26 59 67,,0,https://www.telecontact.ma/annonceur/garage-abdelmalek/3110324/casablanca.php,telecontact.ma,false
Garage Abdelmoula,Garage automobile / Mécanique,"hay Amal III (Sidi Bernoussi), rue 19 n°34 Sidi bernoussi",Casablanca,,,0,https://www.telecontact.ma/annonceur/garage-abdelmoula/3183133/casablanca.php,telecontact.ma,true
Garage Abdou,Garage automobile / Mécanique,"hay Moulay Abdallah, rue 162 n°19 Hay moulay abdellah",Casablanca,06 50 71 88 88,,0,https://www.telecontact.ma/annonceur/garage-abdou/3223103/casablanca.php,telecontact.ma,false
Garage Abdou,Garage automobile / Mécanique,"hay Amal III (Sidi Bernoussi), rue 15 n°66 Sidi bernoussi",Casablanca,,,0,https://www.telecontact.ma/annonceur/garage-abdou/3182895/casablanca.php,telecontact.ma,true
Garage Abed Moustafa,garage-automobile,7 rue Senhaja (la Villette) Hay mohammadi,Casablanca,05 22 62 36 71,,0,https://www.telecontact.ma/annonceur/garage-abed-moustafa/3071921/casablanca.php,telecontact.ma,false
Garage Adil,garage-automobile,"hay El Oulfa , grp. q n°37 rue 50",Casablanca,,,0,https://www.telecontact.ma/annonceur/garage-adil/3086745/casablanca.php,telecontact.ma,true
Garage Ahmidou,garage-automobile,"derb El Miter I , rue 10 n°42 Nouvelle médina",Casablanca,,,0,https://www.telecontact.ma/annonceur/garage-ahmidou/3035347/casablanca.php,telecontact.ma,true
Garage Aiman,garage-automobile,"cité Sidi Othmane , rue 27 n°152 Hay sidi othmane",Casablanca,,,0,https://www.telecontact.ma/annonceur/garage-aiman/3097616/casablanca.php,telecontact.ma,true
Garage Al Baydaa,garage-automobile,6 rue Ibn Chahid - ex Rigaud Palmier,Casablanca,,,0,https://www.telecontact.ma/annonceur/garage-al-baydaa/3244787/casablanca.php,telecontact.ma,true
Garage Al Massira,garage-automobile,"hay Idrissia I , rue 12 n°32 Hay farah",Casablanca,,,0,https://www.telecontact.ma/annonceur/garage-al-massira/3226267/casablanca.php,telecontact.ma,true
Garage Alamal,garage-automobile,47 rue Tamaarouft -ex Alma Quartier bourgogne,Casablanca,,,0,https://www.telecontact.ma/annonceur/garage-alamal/2208132/casablanca.php,telecontact.ma,true
Garage Alboz,garage-automobile,53 rue Ibn El Kattan - ex Muguets Maarif,Casablanca,,,0,https://www.telecontact.ma/annonceur/garage-alboz/2169018/casablanca.php,telecontact.ma,true
Garage Alhana,garage-automobile,"hay Moulay Rachid II ex Bournazel , rue 3 n°151/152 Hay moulay rachid",Casablanca,05 22 70 71 81,,0,https://www.telecontact.ma/annonceur/garage-alhana/3190322/casablanca.php,telecontact.ma,false
Garage Almajde,garage-automobile,14 allée des Mimosas (Aïn Sebâa) Beausite,Casablanca,,,0,https://www.telecontact.ma/annonceur/garage-almajde/3091840/casablanca.php,telecontact.ma,true
Garage Almasrah,garage-automobile,"hay Salama III , grp. 8 bloc F n°20 Hay sidi othmane",Casablanca,,,0,https://www.telecontact.ma/annonceur/garage-almasrah/3112550/casablanca.php,telecontact.ma,true
Garage Alqods,garage-automobile,"quartier Lissasfa I (route d'El Jadida) , mosquée AlQods n° 8",Casablanca,,,0,https://www.telecontact.ma/annonceur/garage-alqods/3167170/casablanca.php,telecontact.ma,true
Garage Amane,garage-automobile,"hay Aïn Chiffa 1, rue 14 n°26 Hay farah",Casablanca,05 22 81 37 24,,0,https://www.telecontact.ma/annonceur/garage-amane/3055895/casablanca.php,telecontact.ma,false
Garage Anfa,garage-automobile,14 rue d' Algérie Quartier bourgogne,Casablanca,,,0,https://www.telecontact.ma/annonceur/garage-anfa/2183180/casablanca.php,telecontact.ma,true
Garage Ariha,garage-automobile,"lot. El Fadl (Aïn Chok) , rue 79 n°26 Ain chok",Casablanca,05 22 21 03 23,,0,https://www.telecontact.ma/annonceur/garage-ariha/3073211/casablanca.php,telecontact.ma,fals