nom;categorie;adresse;ville;telephone;note;nb_avis;lien_fiche
Maroc Industrie Automobile  (M.I.A);garage-automobile;;Casablanca;;0;0;https://www.telecontact.ma/annonceur/maroc-industrie-automobile-m-i-a/1129900/casablanca.php
Accessoires Réparations Automobiles ( A.r.a. );garage-automobile;;Casablanca;05 22 61 31 24;0;0;https://www.telecontact.ma/annonceur/a-r-a/2158896/casablanca.php
Adel Multi-services;garage-automobile;;Casablanca;05 22 21 63 83;0;0;https://www.telecontact.ma/annonceur/adel-multi-services/3184739/casablanca.php
Af Petroleum;garage-automobile;;Casablanca;;0;0;https://www.telecontact.ma/annonceur/af-petroleum/2120098/casablanca.php
Ajai Automotive;garage-automobile;;Casablanca;;0;0;https://www.telecontact.ma/annonceur/ajai-automotive/9053017/casablanca.php
Akyahi Service Auto;garage-automobile;;Casablanca;;0;0;https://www.telecontact.ma/annonceur/akyahi-service-auto/3383832/casablanca.php
Alla Tol;garage-automobile;;Casablanca;05 22 22 54 61;0;0;https://www.telecontact.ma/annonceur/alla-tol/3075043/casablanca.php
Ar Hydraulique;garage-automobile;;Casablanca;;0;0;https://www.telecontact.ma/annonceur/ar-hydraulique/3394751/casablanca.php
Astra Auto;garage-automobile;;Casablanca;05 22 91 43 98;0;0;https://www.telecontact.ma/annonceur/astra-auto/2174375/casablanca.php
Atelier Des Transporteurs;garage-automobile;;Casablanca;05 22 23 23 49;0;0;https://www.telecontact.ma/annonceur/atelier-des-transporteurs/2183555/casablanca.php
Au Garage Salim;garage-automobile;;Casablanca;06 33 85 14 51;0;0;https://www.telecontact.ma/annonceur/au-garage-salim/9009985/casablanca.php
Auto 35;garage-automobile;;Casablanca;05 22 35 26 98;0;0;https://www.telecontact.ma/annonceur/auto-35/3178330/casablanca.php
Auto Brothers;garage-automobile;;Casablanca;05 22 35 84 84;0;0;https://www.telecontact.ma/annonceur/auto-brothers/3293448/casablanca.php
Auto Chakir;garage-automobile;;Casablanca;;0;0;https://www.telecontact.ma/annonceur/auto-chakir/9052813/casablanca.php
Auto Diagnostic Technique;garage-automobile;;Casablanca;05 22 23 22 64;0;0;https://www.telecontact.ma/annonceur/auto-diagnostic-technique/3149837/casablanca.php
Auto El Mekki Benhamdoune;garage-automobile;;Casablanca;06 12 49 03 31;0;0;https://www.telecontact.ma/annonceur/auto-el-mekki-benhamdoune/9018285/casablanca.php
Auto Elahram;garage-automobile;;Casablanca;05 22 89 46 89;0;0;https://www.telecontact.ma/annonceur/auto-elahram/3138543/casablanca.php
Auto Founoun;garage-automobile;;Casablanca;;0;0;https://www.telecontact.ma/annonceur/auto-founoun/3408350/casablanca.php
Auto Health;garage-automobile;;Casablanca;;0;0;https://www.telecontact.ma/annonceur/auto-health/3225970/casablanca.php
Auto Laaroussi;garage-automobile;;Casablanca;;0;0;https://www.telecontact.ma/annonceur/auto-laaroussi/3446417/casablanca.php
Auto Maitrise;garage-automobile;;Casablanca;05 22 44 50 36;0;0;https://www.telecontact.ma/annonceur/auto-maitrise/3116288/casablanca.php
Auto One;garage-automobile;;Casablanca;05 22 34 40 50;0;0;https://www.telecontact.ma/annonceur/auto-one/3299613/casablanca.php
Auto Service Ayoub;garage-automobile;;Casablanca;;0;0;https://www.telecontact.ma/annonceur/auto-service-ayoub/3438796/casablanca.php
Auto Speedy;garage-automobile;;Casablanca;05 22 67 39 24;0;0;https://www.telecontact.ma/annonceur/auto-speedy/3154334/casablanca.php
Auto Speedy;garage-automobile;;Casablanca;05 22 50 53 90;0;0;https://www.telecontact.ma/annonceur/auto-speedy/3154343/casablanca.php
Auto Speedy;garage-automobile;;Casablanca;05 22 67 36 22;0;0;https://www.telecontact.ma/annonceur/auto-speedy/3111789/casablanca.php
Auto Speedy;garage-automobile;;Casablanca;05 22 97 45 75;0;0;https://www.telecontact.ma/annonceur/auto-speedy/3060494/casablanca.php
Auto Vox;garage-automobile;;Casablanca;06 17 36 07 36;0;0;https://www.telecontact.ma/annonceur/auto-vox/9038989/casablanca.php
Auto Workshop;garage-automobile;;Casablanca;07 14 55 02 42;0;0;https://www.telecontact.ma/annonceur/auto-workshop/3387894/casablanca.php
Auto'set;garage-automobile;;Casablanca;05 22 93 01 82;0;0;https://www.telecontact.ma/annonceur/auto-set/3225684/casablanca.php
Auto-service (atelier Auto);garage-automobile;;Casablanca;;0;0;https://www.telecontact.ma/annonceur/auto-service-atelier-auto/2169663/casablanca.php
Automotive Maintenance Services ( Ams );garage-automobile;;Casablanca;05 20 15 08 52;0;0;https://www.telecontact.ma/annonceur/ams/3202935/casablanca.php
Automotive Maintenance Services ( Ams );garage-automobile;;Casablanca;05 20 36 40 70;0;0;https://www.telecontact.ma/annonceur/ams/3039490/casablanca.php
Autos Duisburg;garage-automobile;;Casablanca;;0;0;https://www.telecontact.ma/annonceur/autos-duisburg/3131541/casablanca.php
Autos Khalil;garage-automobile;;Casablanca;05 22 62 38 05;0;0;https://www.telecontact.ma/annonceur/autos-khalil/2171606/casablanca.php
Benta Auto;garage-automobile;;Casablanca;05 22 66 20 50;0;0;https://www.telecontact.ma/annonceur/benta-auto/3362209/casablanca.php
Boss Auto;garage-automobile;;Casablanca;05 22 87 54 50;0;0;https://www.telecontact.ma/annonceur/boss-auto/3234335/casablanca.php
Bourzik Auto Distribution;garage-automobile;;Casablanca;;0;0;https://www.telecontact.ma/annonceur/bourzik-auto-distribution/3091871/casablanca.php
Cardan Elbaïda;garage-automobile;;Casablanca;05 22 91 45 79;0;0;https://www.telecontact.ma/annonceur/cardan-elbaida/3072470/casablanca.php
Carrosserie Maarif;garage-automobile;;Casablanca;;0;0;https://www.telecontact.ma/annonceur/carrosserie-maarif/3112634/casablanca.php
Carrosserie Richelieu;garage-automobile;;Casablanca;05 22 31 08 57;0;0;https://www.telecontact.ma/annonceur/carrosserie-richelieu/2128980/casablanca.php
Casa Man;garage-automobile;;Casablanca;;0;0;https://www.telecontact.ma/annonceur/casa-man/3304565/casablanca.php
Cendiag;garage-automobile;;Casablanca;05 27 38 61 74;0;0;https://www.telecontact.ma/annonceur/cendiag/3207366/casablanca.php
Chakir Abdelaziz;garage-automobile;;Casablanca;;0;0;https://www.telecontact.ma/annonceur/chakir-abdelaziz/3114735/casablanca.php
Chez Allal;garage-automobile;;Casablanca;05 22 52 19 26;0;0;https://www.telecontact.ma/annonceur/chez-allal/3223677/casablanca.php
Chez Fekkak Louhayle;garage-automobile;;Casablanca;;0;0;https://www.telecontact.ma/annonceur/chez-fekkak-louhayle/3234497/casablanca.php
Chrono Auto;garage-automobile;;Casablanca;06 33 74 21 34;0;0;https://www.telecontact.ma/annonceur/chrono-auto/3357045/casablanca.php
City Car Repair;garage-automobile;;Casablanca;05 22 34 20 20;0;0;https://www.telecontact.ma/annonceur/city-car-repair/3394856/casablanca.php
Commercialisation Et Réparation Hydrocureuse ( C.r.h );garage-automobile;;Casablanca;;0;0;https://www.telecontact.ma/annonceur/c-r-h/3361575/casablanca.php
Comzak;garage-automobile;;Casablanca;05 22 50 84 96;0;0;https://www.telecontact.ma/annonceur/comzak/3304632/casablanca.php
Culasse;garage-automobile;;Casablanca;05 22 37 37 70;0;0;https://www.telecontact.ma/annonceur/culasse/2185523/casablanca.php
Diag Amine Laarafi;garage-automobile;;Casablanca;;0;0;https://www.telecontact.ma/annonceur/diag-amine-laarafi/3357270/casablanca.php
Diagnostic Al Adama;garage-automobile;;Casablanca;06 99 22 18 24;0;0;https://www.telecontact.ma/annonceur/diagnostic-al-adama/3295245/casablanca.php
Diagnostic Electronic Automobile Services ( Deas );garage-automobile;;Casablanca;05 22 93 83 77;0;0;https://www.telecontact.ma/annonceur/deas/3167253/casablanca.php
Diam Auto;garage-automobile;;Casablanca;05 22 35 47 34;0;0;https://www.telecontact.ma/annonceur/diam-auto/3113495/casablanca.php
Dikna Service;garage-automobile;;Casablanca;;0;0;https://www.telecontact.ma/annonceur/dikna-service/3436300/casablanca.php
Dream Diag Auto;garage-automobile;;Casablanca;;0;0;https://www.telecontact.ma/annonceur/dream-diag-auto/3399304/casablanca.php
Dépannage Mondial;garage-automobile;;Casablanca;;0;0;https://www.telecontact.ma/annonceur/depannage-mondial/0681500/casablanca.php
Easyfor;garage-automobile;;Casablanca;05 22 90 10 91;0;0;https://www.telecontact.ma/annonceur/easyfor/3225601/casablanca.php
Electricité Auto Jinah;garage-automobile;;Casablanca;;0;0;https://www.telecontact.ma/annonceur/electricite-auto-jinah/2225083/casablanca.php
Electro Diesel Baia;garage-automobile;;Casablanca;05 22 71 37 10;0;0;https://www.telecontact.ma/annonceur/electro-diesel-baia/3107817/casablanca.php
Elgazouli Mohamed;garage-automobile;;Casablanca;;0;0;https://www.telecontact.ma/annonceur/elgazouli-mohamed/3137880/casablanca.php
Elite Auto;garage-automobile;;Casablanca;05 22 98 74 19;0;0;https://www.telecontact.ma/annonceur/elite-auto/3113395/casablanca.php
Energie Turbo;garage-automobile;;Casablanca;06 57 11 01 60;0;0;https://www.telecontact.ma/annonceur/energie-turbo/3313496/casablanca.php
Energy Turbo 2;garage-automobile;;Casablanca;05 22 34 21 76;0;0;https://www.telecontact.ma/annonceur/energy-turbo-2/9039005/casablanca.php
Ere Auto;garage-automobile;;Casablanca;05 22 92 13 13;0;0;https://www.telecontact.ma/annonceur/ere-auto/3333430/casablanca.php
Etape Auto Maroc;garage-automobile;;Casablanca;05 22 34 40 50;0;0;https://www.telecontact.ma/annonceur/etape-auto-maroc/3285539/casablanca.php
Ets Abdelaziz Elguezzar;garage-automobile;;Casablanca;;0;0;https://www.telecontact.ma/annonceur/ets-abdelaziz-elguezzar/3002016/casablanca.php
Ets Abdelaziz Hicham;garage-automobile;;Casablanca;;0;0;https://www.telecontact.ma/annonceur/ets-abdelaziz-hicham/3076283/casablanca.php
Ets Abdellah Taleb;garage-automobile;;Casablanca;05 22 81 16 37;0;0;https://www.telecontact.ma/annonceur/ets-abdellah-taleb/2164909/casablanca.php
Ets Breyton;garage-automobile;;Casablanca;;0;0;https://www.telecontact.ma/annonceur/ets-breyton/3401148/casablanca.php
Ets Khalidine;garage-automobile;;Casablanca;;0;0;https://www.telecontact.ma/annonceur/ets-khalidine/3109936/casablanca.php
Ettabaa Rénovation;garage-automobile;;Casablanca;05 22 90 06 52;0;0;https://www.telecontact.ma/annonceur/ettabaa-renovation/2182296/casablanca.php
Excel Auto Pro;garage-automobile;;Casablanca;05 22 60 01 80;0;0;https://www.telecontact.ma/annonceur/excel-auto-pro/3337833/casablanca.php
Fast Pro;garage-automobile;;Casablanca;05 22 95 08 54;0;0;https://www.telecontact.ma/annonceur/fast-pro/3039272/casablanca.php
Fast Pro;garage-automobile;;Casablanca;05 22 66 58 02;0;0;https://www.telecontact.ma/annonceur/fast-pro/3083683/casablanca.php
Fast Pro;garage-automobile;;Casablanca;05 22 63 35 00;0;0;https://www.telecontact.ma/annonceur/fast-pro/2214505/casablanca.php
Fliservice-auto;garage-automobile;;Casablanca;;0;0;https://www.telecontact.ma/annonceur/fliservice-auto/3450271/casablanca.php
Fobat;garage-automobile;;Casablanca;;0;0;https://www.telecontact.ma/annonceur/fobat/3379668/casablanca.php
Foubumar;garage-automobile;;Casablanca;05 22 66 49 40;0;0;https://www.telecontact.ma/annonceur/foubumar/3172942/casablanca.php
Galaxi Power Auto;garage-automobile;;Casablanca;05 22 85 22 22;0;0;https://www.telecontact.ma/annonceur/galaxi-power-auto/3430976/casablanca.php
Garage Abdelmalek;garage-automobile;;Casablanca;05 22 26 59 67;0;0;https://www.telecontact.ma/annonceur/garage-abdelmalek/3110324/casablanca.php
Garage Abdelmoula;garage-automobile;;Casablanca;;0;0;https://www.telecontact.ma/annonceur/garage-abdelmoula/3183133/casablanca.php
Garage Abdou;garage-automobile;;Casablanca;06 50 71 88 88;0;0;https://www.telecontact.ma/annonceur/garage-abdou/3223103/casablanca.php
Garage Abdou;garage-automobile;;Casablanca;;0;0;https://www.telecontact.ma/annonceur/garage-abdou/3182895/casablanca.php
Garage Abed Moustafa;garage-automobile;;Casablanca;05 22 62 36 71;0;0;https://www.telecontact.ma/annonceur/garage-abed-moustafa/3071921/casablanca.php
Garage Adil;garage-automobile;;Casablanca;;0;0;https://www.telecontact.ma/annonceur/garage-adil/3086745/casablanca.php
Garage Ahmidou;garage-automobile;;Casablanca;;0;0;https://www.telecontact.ma/annonceur/garage-ahmidou/3035347/casablanca.php
Garage Aiman;garage-automobile;;Casablanca;;0;0;https://www.telecontact.ma/annonceur/garage-aiman/3097616/casablanca.php
Garage Al Baydaa;garage-automobile;;Casablanca;;0;0;https://www.telecontact.ma/annonceur/garage-al-baydaa/3244787/casablanca.php
Garage Al Massira;garage-automobile;;Casablanca;;0;0;https://www.telecontact.ma/annonceur/garage-al-massira/3226267/casablanca.php
Garage Alamal;garage-automobile;;Casablanca;;0;0;https://www.telecontact.ma/annonceur/garage-alamal/2208132/casablanca.php
Garage Alboz;garage-automobile;;Casablanca;;0;0;https://www.telecontact.ma/annonceur/garage-alboz/2169018/casablanca.php
Garage Alhana;garage-automobile;;Casablanca;05 22 70 71 81;0;0;https://www.telecontact.ma/annonceur/garage-alhana/3190322/casablanca.php
Garage Almajde;garage-automobile;;Casablanca;;0;0;https://www.telecontact.ma/annonceur/garage-almajde/3091840/casablanca.php
Garage Almasrah;garage-automobile;;Casablanca;;0;0;https://www.telecontact.ma/annonceur/garage-almasrah/3112550/casablanca.php
Garage Alqods;garage-automobile;;Casablanca;;0;0;https://www.telecontact.ma/annonceur/garage-alqods/3167170/casablanca.php
Garage Amane;garage-automobile;;Casablanca;05 22 81 37 24;0;0;https://www.telecontact.ma/annonceur/garage-amane/3055895/casablanca.php
Garage Anfa;garage-automobile;;Casablanca;;0;0;https://www.telecontact.ma/annonceur/garage-anfa/2183180/casablanca.php
Garage Ariha;garage-automobile;;Casablanca;05 22 21 03 23;0;0;https://www.telecontact.ma/annonceur/garage-ariha/3073211/casablanca.php
