lien_fiche;statut_http;rubrique;mots_cles;description;latitude;longitude;note;nb_avis;recupere_le
https://www.telecontact.ma/annonceur/maroc-industrie-automobile-m-i-a/1129900/casablanca.php;200;Garages d'automobiles (mécanique, réparation);Mécanique | Pneumatique | Carrosserie;Mécanique, électricité, climatisation, automobile, carrosserie, tôlerie, pneumatique, injection, entretien, pièces de rechange agrée par le constructeur Bosch.;33.59844639;-7.57881072;4.7;3;2026-10-02T14:48:41+00:00
https://www.telecontact.ma/annonceur/a-r-a/2158896/casablanca.php;200;Garages d automobiles mecanique reparation à Casablanca;;Accessoires réparations automobiles ( A.r.a. ) est une SARL créée en 1978, active dans le secteur « Garages d'automobiles (mécanique, réparation) » à Casablanca. Elle compte entre 1 et 9 salariés.;33.58799935986815;-7.573178955399324;;;2026-10-02T14:48:44+00:00
https://www.telecontact.ma/annonceur/adel-multi-services/3184739/casablanca.php;200;Garages d automobiles mecanique reparation à Casablanca;;Adel Multi-Services est une entreprise créée en 1985, active dans le secteur « Garages d'automobiles (mécanique, réparation) » à Casablanca. Elle est dirigée par M. Hamtami Adel.;33.54636057167306;-7.589316767750689;;;2026-10-02T14:48:47+00:00
https://www.telecontact.ma/annonceur/af-petroleum/2120098/casablanca.php;200;Garages d automobiles mecanique reparation à Casablanca;;AF Petroleum est une SARL créée en 2010, active dans le secteur « Garages d'automobiles (mécanique, réparation) » à Casablanca. Elle compte entre 20 et 49 salariés et est dirigée par M. Fakir Noureddine.;33.58737946262006;-7.618687040100575;;;2026-10-02T14:48:50+00:00
https://www.telecontact.ma/annonceur/ajai-automotive/9053017/casablanca.php;200;Garages d automobiles mecanique reparation à Casablanca;;Ajai Automotive est une SARL à associé unique créée en 2021, active dans le secteur « Garages d'automobiles (mécanique, réparation) » à Casablanca.;;;;;2026-10-02T14:48:53+00:00
https://www.telecontact.ma/annonceur/akyahi-service-auto/3383832/casablanca.php;200;Garages d automobiles mecanique reparation à Casablanca;;Akyahi Service Auto est une SARL à associé unique créée en 2017, active dans le secteur « Garages d'automobiles (mécanique, réparation) » à Casablanca.;;;;;2026-10-02T14:48:57+00:00
https://www.telecontact.ma/annonceur/alla-tol/3075043/casablanca.php;200;Garages d automobiles mecanique reparation à Casablanca;;Alla Tol est une SARL créée en 2015, active dans le secteur « Garages d'automobiles (mécanique, réparation) » à Casablanca.;33.5976;-7.63169;;;2026-10-02T14:49:00+00:00
https://www.telecontact.ma/annonceur/ar-hydraulique/3394751/casablanca.php;200;Garages d automobiles mecanique reparation à Casablanca;;AR Hydraulique est une SARL à associé unique créée en 2017, active dans le secteur « Garages d'automobiles (mécanique, réparation) » à Casablanca.;33.58281;-7.61898;;;2026-10-02T14:49:03+00:00
https://www.telecontact.ma/annonceur/astra-auto/2174375/casablanca.php;200;Garages d automobiles mecanique reparation à Casablanca;;Astra Auto est une société en nom collectif (SNC) créée en 1994, active dans le secteur « Garages d'automobiles (mécanique, réparation) » à Casablanca. Elle compte entre 1 et 9 salariés.;;;;;2026-10-02T14:49:06+00:00
https://www.telecontact.ma/annonceur/atelier-des-transporteurs/2183555/casablanca.php;200;Garages d automobiles mecanique reparation à Casablanca;;Atelier des Transporteurs est une entreprise active dans le secteur « Garages d'automobiles (mécanique, réparation) » à Casablanca. Elle compte entre 1 et 9 salariés.;33.57218407405199;-7.642720532616819;;;2026-10-02T14:49:09+00:00
https://www.telecontact.ma/annonceur/au-garage-salim/9009985/casablanca.php;200;Garages d automobiles mecanique reparation à Casablanca;;Au Garage Salim est une SARL créée en 2017, active dans le secteur « Garages d'automobiles (mécanique, réparation) » à Casablanca.;33.601;-7.63151;;;2026-10-02T14:49:13+00:00
https://www.telecontact.ma/annonceur/auto-35/3178330/casablanca.php;200;Garages d automobiles mecanique reparation à Casablanca;;Auto 35 est une SARL à associé unique créée en 2008, active dans le secteur « Garages d'automobiles (mécanique, réparation) » à Casablanca. Elle compte entre 100 et 249 salariés et est dirigée par M. Aouchar Samir.;33.615540015470124;-7.541702652563287;;;2026-10-02T14:49:16+00:00
https://www.telecontact.ma/annonceur/auto-brothers/3293448/casablanca.php;200;Garages d automobiles mecanique reparation à Casablanca;;Auto Brothers est une SARL créée en 2013, active dans le secteur « Garages d'automobiles (mécanique, réparation) » à Casablanca. Elle est dirigée par M. Mahfoudi Hicham.;;;;;2026-10-02T14:49:19+00:00
https://www.telecontact.ma/annonceur/auto-chakir/9052813/casablanca.php;200;Garages d automobiles mecanique reparation à Casablanca;;Auto Chakir est une SARL active dans le secteur « Garages d'automobiles (mécanique, réparation) » à Casablanca.;;;;;2026-10-02T14:49:22+00:00
https://www.telecontact.ma/annonceur/auto-diagnostic-technique/3149837/casablanca.php;200;Garages d automobiles mecanique reparation à Casablanca;;Auto Diagnostic Technique est une SARL créée en 2006, active dans le secteur « Garages d'automobiles (mécanique, réparation) » à Casablanca. Elle compte entre 1 et 9 salariés et est dirigée par M. Benmancer Chakib.;33.56790907416114;-7.628618743362013;;;2026-10-02T14:49:25+00:00
https://www.telecontact.ma/annonceur/auto-el-mekki-benhamdoune/9018285/casablanca.php;200;Garages d automobiles mecanique reparation à Casablanca;;Auto El MEkki Benhamdoune est une société en nom collectif (SNC) active dans le secteur « Garages d'automobiles (mécanique, réparation) » à Casablanca. Elle est dirigée par M. Benhamdoune El Mekki.;;;;;2026-10-02T14:49:29+00:00
https://www.telecontact.ma/annonceur/auto-elahram/3138543/casablanca.php;200;Garages d automobiles mecanique reparation à Casablanca;;Auto ElAhram est une entreprise active dans le secteur « Garages d'automobiles (mécanique, réparation) » à Casablanca.;33.5783;-7.66858;;;2026-10-02T14:49:32+00:00
https://www.telecontact.ma/annonceur/auto-founoun/3408350/casablanca.php;200;Garages d automobiles mecanique reparation à Casablanca;;Auto Founoun est une SARL créée en 2018, active dans le secteur « Garages d'automobiles (mécanique, réparation) » à Casablanca.;33.590734;-7.605967;;;2026-10-02T14:49:35+00:00
https://www.telecontact.ma/annonceur/auto-health/3225970/casablanca.php;200;Garages d automobiles mecanique reparation à Casablanca;;Auto Health est une entreprise active dans le secteur « Garages d'automobiles (mécanique, réparation) » à Casablanca.;;;;;2026-10-02T14:49:38+00:00
https://www.telecontact.ma/annonceur/auto-laaroussi/3446417/casablanca.php;200;Garages d automobiles mecanique reparation à Casablanca;;Auto Laaroussi est une SARL à associé unique créée en 2013, active dans le secteur « Garages d'automobiles (mécanique, réparation) » à Casablanca.;;;;;2026-10-02T14:49:41+00:00
https://www.telecontact.ma/annonceur/auto-maitrise/3116288/casablanca.php;200;Garages d automobiles mecanique reparation à Casablanca;;Auto Maitrise est une SARL créée en 2002, active dans le secteur « Garages d'automobiles (mécanique, réparation) » à Casablanca. Elle compte entre 20 et 49 salariés et est dirigée par M. Zaaim Mohamed.;33.58177455977585;-7.602872273318105;;;2026-10-02T14:49:45+00:00
https://www.telecontact.ma/annonceur/auto-one/3299613/casablanca.php;200;Garages d automobiles mecanique reparation à Casablanca;;Auto One est une entreprise active dans le secteur « Garages d'automobiles (mécanique, réparation) » à Casablanca.;;;;;2026-10-02T14:49:48+00:00
https://www.telecontact.ma/annonceur/auto-service-ayoub/3438796/casablanca.php;200;Garages d automobiles mecanique reparation à Casablanca;;Auto Service Ayoub est une SARL à associé unique créée en 2018, active dans le secteur « Garages d'automobiles (mécanique, réparation) » à Casablanca.;;;;;2026-10-02T14:49:51+00:00
https://www.telecontact.ma/annonceur/auto-speedy/3154334/casablanca.php;200;Garages d automobiles mecanique reparation à Casablanca;;Auto Speedy est une entreprise active dans le secteur « Garages d'automobiles (mécanique, réparation) » à Casablanca. Elle est dirigée par M. Khammar Karim.;33.61909302;-7.53934464;;;2026-10-02T14:49:54+00:00
https://www.telecontact.ma/annonceur/auto-speedy/3154343/casablanca.php;200;Garages d automobiles mecanique reparation à Casablanca;;Auto Speedy est une entreprise active dans le secteur « Garages d'automobiles (mécanique, réparation) » à Casablanca. Elle est dirigée par M. Khayati Aziz.;33.544884361101246;-7.638567480823681;;;2026-10-02T14:49:57+00:00
https://www.telecontact.ma/annonceur/auto-speedy/3111789/casablanca.php;200;Garages d automobiles mecanique reparation à Casablanca;;Auto Speedy est une société anonyme (SA) active dans le secteur « Garages d'automobiles (mécanique, réparation) » à Casablanca. Elle est dirigée par M. ElKayyar Med.;33.59609112073662;-7.53101558940888;;;2026-10-02T14:50:00+00:00
https://www.telecontact.ma/annonceur/auto-speedy/3060494/casablanca.php;200;Garages d automobiles mecanique reparation à Casablanca;;Auto Speedy est une société anonyme (SA) active dans le secteur « Garages d'automobiles (mécanique, réparation) » à Casablanca. Elle est dirigée par M. El Aalj Redouan.;33.58665923635173;-7.634774511311016;;;2026-10-02T14:50:04+00:00
https://www.telecontact.ma/annonceur/auto-vox/9038989/casablanca.php;200;Garages d automobiles mecanique reparation à Casablanca;;Auto Vox est une SARL à associé unique créée en 2020, active dans le secteur « Garages d'automobiles (mécanique, réparation) » à Casablanca. Elle compte entre 1 et 9 salariés et est dirigée par M. Benadada Hicham.;33.541256062544036;-7.571591131846333;;;2026-10-02T14:50:07+00:00
https://www.telecontact.ma/annonceur/auto-workshop/3387894/casablanca.php;200;Garages d automobiles mecanique reparation à Casablanca;;Auto WorkShop est une SARL créée en 2018, active dans le secteur « Garages d'automobiles (mécanique, réparation) » à Casablanca.;33.590427;-7.612515;;;2026-10-02T14:50:10+00:00
https://www.telecontact.ma/annonceur/auto-set/3225684/casablanca.php;200;Garages d automobiles mecanique reparation à Casablanca;;Auto'Set est une SARL créée en 1998, active dans le secteur « Garages d'automobiles (mécanique, réparation) » à Casablanca. Elle compte entre 10 et 19 salariés et est dirigée par M. Lazrak Anas.;33.5558;-7.67636;;;2026-10-02T14:50:13+00:00
https://www.telecontact.ma/annonceur/auto-service-atelier-auto/2169663/casablanca.php;200;Garages d automobiles mecanique reparation à Casablanca;;Auto-Service (atelier auto) est une entreprise active dans le secteur « Garages d'automobiles (mécanique, réparation) » à Casablanca. Elle compte entre 1 et 9 salariés.;33.5751;-7.64435;;;2026-10-02T14:50:16+00:00
https://www.telecontact.ma/annonceur/ams/3202935/casablanca.php;200;Garages d automobiles mecanique reparation à Casablanca;;Automotive Maintenance Services ( AMS ) est une SARL à associé unique créée en 2008, active dans le secteur « Garages d'automobiles (mécanique, réparation) » à Casablanca. Elle compte entre 50 et 99 salariés et est dirigée par Mme Chikh Siham.;33.587081407875424;-7.64466586134394;;;2026-10-02T14:50:20+00:00
https://www.telecontact.ma/annonceur/ams/3039490/casablanca.php;200;Garages d automobiles mecanique reparation à Casablanca;;Automotive Maintenance Services ( AMS ) est une SARL créée en 2007, active dans le secteur « Garages d'automobiles (mécanique, réparation) » à Casablanca. Elle est dirigée par M. Essenhaji Youness.;33.589516858064485;-7.544168678678683;;;2026-10-02T14:50:23+00:00
https://www.telecontact.ma/annonceur/autos-duisburg/3131541/casablanca.php;200;Garages d automobiles mecanique reparation à Casablanca;;Autos Duisburg est une entreprise active dans le secteur « Garages d'automobiles (mécanique, réparation) » à Casablanca.;33.55659449777543;-7.676871269372791;;;2026-10-02T14:50:26+00:00
https://www.telecontact.ma/annonceur/autos-khalil/2171606/casablanca.php;200;Garages d automobiles mecanique reparation à Casablanca;;Autos Khalil est une entreprise active dans le secteur « Garages d'automobiles (mécanique, réparation) » à Casablanca. Elle compte entre 1 et 9 salariés.;33.5949212376551;-7.575337700239985;;;2026-10-02T14:50:29+00:00
https://www.telecontact.ma/annonceur/benta-auto/3362209/casablanca.php;200;Garages d automobiles mecanique reparation à Casablanca;;Benta Auto est une SARL créée en 2017, active dans le secteur « Garages d'automobiles (mécanique, réparation) » à Casablanca. Elle est dirigée par M. Bentahir Driss.;33.63094002707395;-7.512725523010261;;;2026-10-02T14:50:32+00:00
https://www.telecontact.ma/annonceur/boss-auto/3234335/casablanca.php;200;Garages d automobiles mecanique reparation à Casablanca;;Boss Auto est une SARL créée en 2011, active dans le secteur « Garages d'automobiles (mécanique, réparation) » à Casablanca.;33.53700590296982;-7.603131660702509;5;1;2026-10-02T14:50:36+00:00
https://www.telecontact.ma/annonceur/bourzik-auto-distribution/3091871/casablanca.php;200;Garages d automobiles mecanique reparation à Casablanca;;Bourzik Auto Distribution est une SARL créée en 2003, active dans le secteur « Garages d'automobiles (mécanique, réparation) » à Casablanca.;33.6106;-7.52561;;;2026-10-02T14:50:39+00:00
https://www.telecontact.ma/annonceur/cardan-elbaida/3072470/casablanca.php;200;Garages d automobiles mecanique reparation à Casablanca;;Cardan ElBaïda est une entreprise active dans le secteur « Garages d'automobiles (mécanique, réparation) » à Casablanca.;;;;;2026-10-02T14:50:42+00:00
https://www.telecontact.ma/annonceur/carrosserie-maarif/3112634/casablanca.php;200;Garages d automobiles mecanique reparation à Casablanca;;Carrosserie Maarif est une entreprise active dans le secteur « Garages d'automobiles (mécanique, réparation) » à Casablanca.;;;;;2026-10-02T14:50:45+00:00
https://www.telecontact.ma/annonceur/carrosserie-richelieu/2128980/casablanca.php;200;Garages d automobiles mecanique reparation à Casablanca;;Carrosserie Richelieu est une entreprise active dans le secteur « Garages d'automobiles (mécanique, réparation) » à Casablanca. Elle compte entre 1 et 9 salariés.;33.59276854727245;-7.598798275423885;;;2026-10-02T14:50:48+00:00
https://www.telecontact.ma/annonceur/casa-man/3304565/casablanca.php;200;Garages d automobiles mecanique reparation à Casablanca;;Casa Man est une SARL à associé unique créée en 2014, active dans le secteur « Garages d'automobiles (mécanique, réparation) » à Casablanca.;;;;;2026-10-02T14:50:52+00:00
https://www.telecontact.ma/annonceur/cendiag/3207366/casablanca.php;200;Garages d automobiles mecanique reparation à Casablanca;;Cendiag est une entreprise active dans le secteur « Garages d'automobiles (mécanique, réparation) » à Casablanca. Elle est dirigée par M. Fakir Noureddine.;33.5861;-7.62005;;;2026-10-02T14:50:55+00:00
https://www.telecontact.ma/annonceur/chakir-abdelaziz/3114735/casablanca.php;200;Garages d automobiles mecanique reparation à Casablanca;;Chakir Abdelaziz est une entreprise active dans le secteur « Garages d'automobiles (mécanique, réparation) » à Casablanca.;;;;;2026-10-02T14:50:58+00:00
https://www.telecontact.ma/annonceur/chez-allal/3223677/casablanca.php;200;Garages d automobiles mecanique reparation à Casablanca;;Chez Allal est une entreprise créée en 1942, active dans le secteur « Garages d'automobiles (mécanique, réparation) » à Casablanca.;;;;;2026-10-02T14:51:01+00:00
https://www.telecontact.ma/annonceur/chez-fekkak-louhayle/3234497/casablanca.php;200;Garages d automobiles mecanique reparation à Casablanca;;Chez Fekkak Louhayle est une entreprise active dans le secteur « Garages d'automobiles (mécanique, réparation) » à Casablanca.;33.56816881261952;-7.595717756523358;;;2026-10-02T14:51:04+00:00
https://www.telecontact.ma/annonceur/chrono-auto/3357045/casablanca.php;200;Garages d automobiles mecanique reparation à Casablanca;;Chrono Auto est une SARL créée en 2014, active dans le secteur « Garages d'automobiles (mécanique, réparation) » à Casablanca.;33.5217442;-7.643492;5;1;2026-10-02T14:51:08+00:00
https://www.telecontact.ma/annonceur/city-car-repair/3394856/casablanca.php;200;Garages d automobiles mecanique reparation à Casablanca;;City Car Repair est une SARL créée en 2018, active dans le secteur « Garages d'automobiles (mécanique, réparation) » à Casablanca. Elle est dirigée par M. Elintissar Brahim.;33.61268;-7.5344463;;;2026-10-02T14:51:11+00:00
https://www.telecontact.ma/annonceur/c-r-h/3361575/casablanca.php;200;Garages d automobiles mecanique reparation à Casablanca;;Commercialisation et Réparation Hydrocureuse ( C.R.H ) est une SARL créée en 2003, active dans le secteur « Garages d'automobiles (mécanique, réparation) » à Casablanca.;33.589064;-7.640275;;;2026-10-02T14:51:14+00:00
https://www.telecontact.ma/annonceur/comzak/3304632/casablanca.php;200;Garages d automobiles mecanique reparation à Casablanca;;Comzak est une SARL créée en 2016, active dans le secteur « Garages d'automobiles (mécanique, réparation) » à Casablanca. Elle est dirigée par M. Tassouka Zakaria.;33.535335;-7.583396;;;2026-10-02T14:51:17+00:00
https://www.telecontact.ma/annonceur/culasse/2185523/casablanca.php;200;Garages d automobiles mecanique reparation à Casablanca;;Culasse est une SARL créée en 1995, active dans le secteur « Garages d'automobiles (mécanique, réparation) » à Casablanca. Elle est dirigée par M. Chantal Ounassar.;33.53627799;-7.57565964;;;2026-10-02T14:51:20+00:00
https://www.telecontact.ma/annonceur/diag-amine-laarafi/3357270/casablanca.php;200;Garages d automobiles mecanique reparation à Casablanca;;Diag Amine Laarafi est une SARL à associé unique créée en 2015, active dans le secteur « Garages d'automobiles (mécanique, réparation) » à Casablanca.;;;;;2026-10-02T14:51:24+00:00
https://www.telecontact.ma/annonceur/diagnostic-al-adama/3295245/casablanca.php;200;Garages d automobiles mecanique reparation à Casablanca;;Diagnostic Al Adama est une entreprise créée en 2008, active dans le secteur « Garages d'automobiles (mécanique, réparation) » à Casablanca.;;;;;2026-10-02T14:51:27+00:00
https://www.telecontact.ma/annonceur/deas/3167253/casablanca.php;200;Garages d automobiles mecanique reparation à Casablanca;;Diagnostic Electronic Automobile Services ( Deas ) est une entreprise créée en 2007, active dans le secteur « Garages d'automobiles (mécanique, réparation) » à Casablanca. Elle est dirigée par M. ElAasar Ashraf.;33.55633161235549;-7.6766527906492215;;;2026-10-02T14:51:30+00:00
https://www.telecontact.ma/annonceur/diam-auto/3113495/casablanca.php;200;Garages d automobiles mecanique reparation à Casablanca;;Diam Auto est une SARL à associé unique créée en 2004, active dans le secteur « Garages d'automobiles (mécanique, réparation) » à Casablanca. Elle est dirigée par M. Khyati Noureddine.;33.59985777;-7.62851592;;;2026-10-02T14:51:33+00:00
https://www.telecontact.ma/annonceur/dikna-service/3436300/casablanca.php;200;Garages d automobiles mecanique reparation à Casablanca;;Dikna Service est une SARL à associé unique créée en 2016, active dans le secteur « Garages d'automobiles (mécanique, réparation) » à Casablanca.;33.58278;-7.61895;;;2026-10-02T14:51:37+00:00
https://www.telecontact.ma/annonceur/dream-diag-auto/3399304/casablanca.php;200;Garages d automobiles mecanique reparation à Casablanca;;Dream Diag Auto est une SARL créée en 2014, active dans le secteur « Garages d'automobiles (mécanique, réparation) » à Casablanca.;;;;;2026-10-02T14:51:40+00:00
https://www.telecontact.ma/annonceur/depannage-mondial/0681500/casablanca.php;200;Garages d automobiles mecanique reparation à Casablanca;;Dépannage Mondial est une entreprise individuelle créée en 1956, active dans le secteur « Garages d'automobiles (mécanique, réparation) » à Casablanca. Elle compte entre 10 et 19 salariés et est dirigée par M. Elberhami Driss.;33.5856205789842;-7.605422410987208;;;2026-10-02T14:51:43+00:00
https://www.telecontact.ma/annonceur/easyfor/3225601/casablanca.php;200;Garages d automobiles mecanique reparation à Casablanca;;Easyfor est une SARL créée en 2011, active dans le secteur « Garages d'automobiles (mécanique, réparation) » à Casablanca.;33.55249462865361;-7.68013063832847;;;2026-10-02T14:51:47+00:00
https://www.telecontact.ma/annonceur/electricite-auto-jinah/2225083/casablanca.php;200;Garages d automobiles mecanique reparation à Casablanca;;Electricité Auto Jinah est une entreprise active dans le secteur « Garages d'automobiles (mécanique, réparation) » à Casablanca. Elle compte entre 1 et 9 salariés.;33.59987802;-7.62754968;;;2026-10-02T14:51:50+00:00
https://www.telecontact.ma/annonceur/electro-diesel-baia/3107817/casablanca.php;200;Garages d automobiles mecanique reparation à Casablanca;;Electro Diesel Baia est une SARL créée en 2004, active dans le secteur « Garages d'automobiles (mécanique, réparation) » à Casablanca. Elle compte entre 1 et 9 salariés et est dirigée par M. Baia Miloud.;33.5698222076368;-7.549141953321671;;;2026-10-02T14:51:53+00:00
https://www.telecontact.ma/annonceur/elgazouli-mohamed/3137880/casablanca.php;200;Garages d automobiles mecanique reparation à Casablanca;;Elgazouli Mohamed est une entreprise active dans le secteur « Garages d'automobiles (mécanique, réparation) » à Casablanca.;33.580468488921575;-7.554028624084567;;;2026-10-02T14:51:56+00:00
https://www.telecontact.ma/annonceur/elite-auto/3113395/casablanca.php;200;Garages d automobiles mecanique reparation à Casablanca;;Elite Auto est une SARL créée en 2004, active dans le secteur « Garages d'automobiles (mécanique, réparation) » à Casablanca. Elle est dirigée par M. Amnouh Fayçal.;33.57298147667937;-7.64394763751338;;;2026-10-02T14:52:00+00:00
https://www.telecontact.ma/annonceur/energie-turbo/3313496/casablanca.php;200;Garages d automobiles mecanique reparation à Casablanca;;Energie Turbo est une SARL à associé unique créée en 2016, active dans le secteur « Garages d'automobiles (mécanique, réparation) » à Casablanca. Elle compte entre 10 et 19 salariés et est dirigée par M. Momo Adam.;33.6144;-7.53831;;;2026-10-02T14:52:03+00:00
https://www.telecontact.ma/annonceur/energy-turbo-2/9039005/casablanca.php;200;Garages d automobiles mecanique reparation à Casablanca;;Energy Turbo 2 est une SARL à associé unique créée en 2020, active dans le secteur « Garages d'automobiles (mécanique, réparation) » à Casablanca.;33.614539;-7.533427;;;2026-10-02T14:52:06+00:00
https://www.telecontact.ma/annonceur/ere-auto/3333430/casablanca.php;200;Garages d automobiles mecanique reparation à Casablanca;;Ere Auto est une SARL créée en 2017, active dans le secteur « Garages d'automobiles (mécanique, réparation) » à Casablanca. Elle compte entre 10 et 19 salariés et est dirigée par Mme Adam Amal.;;;;;2026-10-02T14:52:10+00:00
https://www.telecontact.ma/annonceur/etape-auto-maroc/3285539/casablanca.php;200;Garages d automobiles mecanique reparation à Casablanca;;Etape Auto Maroc est une SARL à associé unique créée en 2014, active dans le secteur « Garages d'automobiles (mécanique, réparation) » à Casablanca. Elle compte entre 1 et 9 salariés.;33.59609860256007;-7.522916920660464;;;2026-10-02T14:52:13+00:00
https://www.telecontact.ma/annonceur/ets-abdelaziz-elguezzar/3002016/casablanca.php;200;Garages d automobiles mecanique reparation à Casablanca;;Ets Abdelaziz Elguezzar est une entreprise active dans le secteur « Garages d'automobiles (mécanique, réparation) » à Casablanca.;;;;;2026-10-02T14:52:16+00:00
https://www.telecontact.ma/annonceur/ets-abdelaziz-hicham/3076283/casablanca.php;200;Garages d automobiles mecanique reparation à Casablanca;;Ets Abdelaziz Hicham est une entreprise active dans le secteur « Garages d'automobiles (mécanique, réparation) » à Casablanca.;33.57746487;-7.5881502;;;2026-10-02T14:52:19+00:00
https://www.telecontact.ma/annonceur/ets-abdellah-taleb/2164909/casablanca.php;200;Garages d automobiles mecanique reparation à Casablanca;;ets Abdellah Taleb est une entreprise active dans le secteur « Garages d'automobiles (mécanique, réparation) » à Casablanca. Elle compte entre 1 et 9 salariés.;33.5671;-7.58706;;;2026-10-02T14:52:23+00:00
https://www.telecontact.ma/annonceur/ets-breyton/3401148/casablanca.php;200;Garages d automobiles mecanique reparation à Casablanca;;Ets Breyton est une SARL active dans le secteur « Garages d'automobiles (mécanique, réparation) » à Casablanca.;;;;;2026-10-02T14:52:26+00:00
https://www.telecontact.ma/annonceur/ets-khalidine/3109936/casablanca.php;200;Garages d automobiles mecanique reparation à Casablanca;;Ets Khalidine est une entreprise active dans le secteur « Garages d'automobiles (mécanique, réparation) » à Casablanca.;33.53627799;-7.57565964;;;2026-10-02T14:52:29+00:00
https://www.telecontact.ma/annonceur/ettabaa-renovation/2182296/casablanca.php;200;Garages d automobiles mecanique reparation à Casablanca;;Ettabaa Rénovation est une SARL créée en 1997, active dans le secteur « Garages d'automobiles (mécanique, réparation) » à Casablanca. Elle compte entre 1 et 9 salariés.;;;;;2026-10-02T14:52:32+00:00
https://www.telecontact.ma/annonceur/excel-auto-pro/3337833/casablanca.php;200;Garages d automobiles mecanique reparation à Casablanca;;Excel Auto Pro est une SARL créée en 2014, active dans le secteur « Garages d'automobiles (mécanique, réparation) » à Casablanca.;33.583051;-7.58596;;;2026-10-02T14:52:36+00:00
https://www.telecontact.ma/annonceur/fast-pro/3039272/casablanca.php;200;Garages d automobiles mecanique reparation à Casablanca;;Fast Pro est une société anonyme (SA) active dans le secteur « Garages d'automobiles (mécanique, réparation) » à Casablanca.;33.57485833333;-7.681469444444;;;2026-10-02T14:52:39+00:00
https://www.telecontact.ma/annonceur/fast-pro/3083683/casablanca.php;200;Garages d automobiles mecanique reparation à Casablanca;;Fast Pro est une société anonyme (SA) active dans le secteur « Garages d'automobiles (mécanique, réparation) » à Casablanca.;33.60937849631523;-7.566022169993672;;;2026-10-02T14:52:42+00:00
https://www.telecontact.ma/annonceur/fast-pro/2214505/casablanca.php;200;Garages d automobiles mecanique reparation à Casablanca;;Fast Pro est une société anonyme (SA) créée en 1998, active dans le secteur « Garages d'automobiles (mécanique, réparation) » à Casablanca. Elle compte entre 20 et 49 salariés et est dirigée par M. Raissi Hicham.;33.5802;-7.58229;;;2026-10-02T14:52:45+00:00
https://www.telecontact.ma/annonceur/fliservice-auto/3450271/casablanca.php;200;Garages d automobiles mecanique reparation à Casablanca;;Fliservice-Auto est une SARL à associé unique créée en 2017, active dans le secteur « Garages d'automobiles (mécanique, réparation) » à Casablanca.;;;;;2026-10-02T14:52:49+00:00
https://www.telecontact.ma/annonceur/fobat/3379668/casablanca.php;200;Garages d automobiles mecanique reparation à Casablanca;;Fobat est une SARL à associé unique créée en 2008, active dans le secteur « Garages d'automobiles (mécanique, réparation) » à Casablanca. Elle est dirigée par M. Naitouali Mouad.;;;;;2026-10-02T14:52:52+00:00
https://www.telecontact.ma/annonceur/foubumar/3172942/casablanca.php;200;Garages d automobiles mecanique reparation à Casablanca;;Foubumar est une SARL créée en 2005, active dans le secteur « Garages d'automobiles (mécanique, réparation) » à Casablanca. Elle est dirigée par M. Eddahi Bouchaib.;33.62468;-7.523015;;;2026-10-02T14:52:55+00:00
https://www.telecontact.ma/annonceur/galaxi-power-auto/3430976/casablanca.php;200;Garages d automobiles mecanique reparation à Casablanca;;Galaxi Power Auto est une SARL à associé unique créée en 2010, active dans le secteur « Garages d'automobiles (mécanique, réparation) » à Casablanca.;33.588833;-7.602806;;;2026-10-02T14:52:59+00:00
https://www.telecontact.ma/annonceur/garage-abdelmalek/3110324/casablanca.php;200;Garages d automobiles mecanique reparation à Casablanca;;Garage Abdelmalek est une entreprise active dans le secteur « Garages d'automobiles (mécanique, réparation) » à Casablanca.;33.5757;-7.62478;;;2026-10-02T14:53:02+00:00
https://www.telecontact.ma/annonceur/garage-abdelmoula/3183133/casablanca.php;200;Garages d automobiles mecanique reparation à Casablanca;;Garage Abdelmoula est une entreprise active dans le secteur « Garages d'automobiles (mécanique, réparation) » à Casablanca.;33.60459;-7.51903;;;2026-10-02T14:53:05+00:00
https://www.telecontact.ma/annonceur/garage-abdou/3223103/casablanca.php;200;Garages d automobiles mecanique reparation à Casablanca;;Garage Abdou est une SARL à associé unique créée en 2015, active dans le secteur « Garages d'automobiles (mécanique, réparation) » à Casablanca.;33.53841;-7.59581;;;2026-10-02T14:53:08+00:00
https://www.telecontact.ma/annonceur/garage-abdou/3182895/casablanca.php;200;Garages d automobiles mecanique reparation à Casablanca;;Garage Abdou est une entreprise active dans le secteur « Garages d'automobiles (mécanique, réparation) » à Casablanca.;33.60473064663547;-7.5166121915611495;;;2026-10-02T14:53:12+00:00
https://www.telecontact.ma/annonceur/garage-abed-moustafa/3071921/casablanca.php;200;Garages d automobiles mecanique reparation à Casablanca;;Garage Abed Moustafa est une entreprise active dans le secteur « Garages d'automobiles (mécanique, réparation) » à Casablanca.;33.59463766970588;-7.575607339703257;;;2026-10-02T14:53:15+00:00
https://www.telecontact.ma/annonceur/garage-adil/3086745/casablanca.php;200;Garages d automobiles mecanique reparation à Casablanca;;Garage Adil est une entreprise active dans le secteur « Garages d'automobiles (mécanique, réparation) » à Casablanca.;;;;;2026-10-02T14:53:18+00:00
https://www.telecontact.ma/annonceur/garage-ahmidou/3035347/casablanca.php;200;Garages d automobiles mecanique reparation à Casablanca;;Garage Ahmidou est une entreprise active dans le secteur « Garages d'automobiles (mécanique, réparation) » à Casablanca.;;;;;2026-10-02T14:53:21+00:00
https://www.telecontact.ma/annonceur/garage-aiman/3097616/casablanca.php;200;Garages d automobiles mecanique reparation à Casablanca;;Garage Aiman est une entreprise active dans le secteur « Garages d'automobiles (mécanique, réparation) » à Casablanca.;;;;;2026-10-02T14:53:25+00:00
https://www.telecontact.ma/annonceur/garage-al-baydaa/3244787/casablanca.php;200;Garages d automobiles mecanique reparation à Casablanca;;Garage Al Baydaa est une entreprise active dans le secteur « Garages d'automobiles (mécanique, réparation) » à Casablanca.;;;;;2026-10-02T14:53:28+00:00
https://www.telecontact.ma/annonceur/garage-al-massira/3226267/casablanca.php;200;Garages d automobiles mecanique reparation à Casablanca;;Garage Al Massira est une entreprise active dans le secteur « Garages d'automobiles (mécanique, réparation) » à Casablanca.;33.56447;-7.59418;;;2026-10-02T14:53:31+00:00
https://www.telecontact.ma/annonceur/garage-alamal/2208132/casablanca.php;200;Garages d automobiles mecanique reparation à Casablanca;;Garage AlAmal est une entreprise active dans le secteur « Garages d'automobiles (mécanique, réparation) » à Casablanca.;33.59866439113086;-7.638181403232094;;;2026-10-02T14:53:34+00:00
https://www.telecontact.ma/annonceur/garage-alboz/2169018/casablanca.php;200;Garages d automobiles mecanique reparation à Casablanca;;Garage AlBoz est une entreprise créée en 1975, active dans le secteur « Garages d'automobiles (mécanique, réparation) » à Casablanca. Elle compte entre 1 et 9 salariés.;33.57255099613517;-7.642127041478698;;;2026-10-02T14:53:38+00:00
https://www.telecontact.ma/annonceur/garage-alhana/3190322/casablanca.php;200;Garages d automobiles mecanique reparation à Casablanca;;Garage AlHana est une entreprise active dans le secteur « Garages d'automobiles (mécanique, réparation) » à Casablanca.;;;;;2026-10-02T14:53:41+00:00
https://www.telecontact.ma/annonceur/garage-almajde/3091840/casablanca.php;200;Garages d automobiles mecanique reparation à Casablanca;;Garage AlMajde est une entreprise active dans le secteur « Garages d'automobiles (mécanique, réparation) » à Casablanca.;33.61933733670882;-7.534423015406275;;;2026-10-02T14:53:44+00:00
https://www.telecontact.ma/annonceur/garage-almasrah/3112550/casablanca.php;200;Garages d automobiles mecanique reparation à Casablanca;;Garage AlMasrah est une entreprise active dans le secteur « Garages d'automobiles (mécanique, réparation) » à Casablanca.;;;;;2026-10-02T14:53:47+00:00
https://www.telecontact.ma/annonceur/garage-alqods/3167170/casablanca.php;200;Garages d automobiles mecanique reparation à Casablanca;;Garage AlQods est une entreprise active dans le secteur « Garages d'automobiles (mécanique, réparation) » à Casablanca.;;;;;2026-10-02T14:53:51+00:00
https://www.telecontact.ma/annonceur/garage-amane/3055895/casablanca.php;200;Garages d automobiles mecanique reparation à Casablanca;;Garage Amane est une entreprise active dans le secteur « Garages d'automobiles (mécanique, réparation) » à Casablanca. Elle est dirigée par M. Lassili Mohamed.;33.57155;-7.58328;;;2026-10-02T14:53:54+00:00
https://www.telecontact.ma/annonceur/garage-anfa/2183180/casablanca.php;200;Garages d automobiles mecanique reparation à Casablanca;;Garage Anfa est une entreprise active dans le secteur « Garages d'automobiles (mécanique, réparation) » à Casablanca. Elle compte entre 1 et 9 salariés.;33.5922;-7.63496;;;2026-10-02T14:53:57+00:00
https://www.telecontact.ma/annonceur/garage-ariha/3073211/casablanca.php;200;Garages d automobiles mecanique reparation à Casablanca;;Garage Ariha est une entreprise active dans le secteur « Garages d'automobiles (mécanique, réparation) » à Casablanca. Elle est dirigée par M. Barhal Omar.;;;;;2026-10-02T14:54:01+00:00
