id,symptome,vehicule,systeme,cause,explication,verification,gravite,source,langue,date_maj,dtc_code,page_source,tags
kb-v1-0001,Le moteur cale au ralenti ou juste après le démarrage,*,demarrage;moteur,Régulation du ralenti perturbée (vanne de régulation d'air) ou bougies/injecteurs encrassés,"Au ralenti, le moteur tourne avec peu de réserve de couple. Si le mélange air/carburant n'est pas correctement dosé à ce régime, il n'arrive plus à s'auto-entretenir et cale, surtout à froid.","Observer si le régime moteur oscille avant de caler, vérifier l'état visuel des bougies si accessible, noter si le problème est plus fréquent par temps froid ou humide.",moyenne,connaissances_generiques_equipe,fr,2026-08-16,,,ralenti;calage;demarrage_a_froid
kb-v1-0002,Voyant moteur allumé avec à-coups ressentis à l'accélération,*,moteur;obd_dtc,"Raté d'allumage sur un ou plusieurs cylindres (bougie, bobine ou injecteur en cause)","Un raté d'allumage veut dire qu'un cylindre ne brûle pas correctement son mélange. Le moteur perd en régularité, et rouler longtemps ainsi peut endommager le catalyseur.",Noter si les à-coups sont permanents ou seulement à certains régimes ; éviter de prolonger les trajets à haut régime tant que ce n'est pas vérifié.,elevee,connaissances_generiques_equipe,fr,2026-08-16,P0300,,rate_allumage;voyant_moteur;bougies
kb-v1-0003,Code défaut mélange trop pauvre détecté avec perte de régularité moteur,*,carburant;moteur;obd_dtc,"Fuite d'admission d'air, filtre à air encrassé ou capteur de débit d'air (MAF) défaillant",Un mélange trop pauvre signifie proportionnellement trop d'air par rapport au carburant injecté. Le moteur tourne de façon irrégulière et peut s'endommager à terme si la cause n'est pas corrigée.,Vérifier la propreté du filtre à air et l'absence de durites d'admission fissurées ou mal fixées.,moyenne,connaissances_generiques_equipe,fr,2026-08-16,P0171,,melange_pauvre;filtre_air;maf
kb-v1-0004,Code défaut mélange trop riche avec odeur d'essence à l'échappement,*,carburant;moteur;obd_dtc,"Sonde lambda défaillante, injecteur qui goutte, ou capteur de pression collecteur (MAP) déréglé","Un mélange trop riche signifie trop de carburant par rapport à l'air admis. Cela augmente la consommation, encrasse les bougies et peut endommager le catalyseur à long terme.",Observer une odeur d'essence inhabituelle à l'échappement au ralenti et noter toute hausse récente de consommation.,moyenne,connaissances_generiques_equipe,fr,2026-08-16,P0172,,melange_riche;sonde_lambda;injecteur
kb-v1-0005,"La voiture ne démarre pas, aucun bruit ni voyant au contact",*,electrique;demarrage,Batterie déchargée ou cosses de batterie oxydées/mal serrées,"C'est la cause la plus fréquente de panne de démarrage : sans tension suffisante, ni le démarreur ni l'électronique du véhicule ne peuvent fonctionner.","Vérifier si les feux ou le tableau de bord s'allument faiblement, contrôler visuellement l'état des cosses de batterie et l'âge de la batterie (usure fréquente au-delà de 4-5 ans).",faible,connaissances_generiques_equipe,fr,2026-08-16,,,batterie;demarrage;electrique
kb-v1-0006,Un clic répété se fait entendre au contact sans que le moteur démarre,*,electrique;demarrage,Démarreur défaillant ou batterie trop faible pour fournir l'appel de courant nécessaire,"Le clic correspond au solénoïde du démarreur qui s'active sans parvenir à entraîner le moteur, le plus souvent par manque de courant disponible ou usure mécanique du démarreur lui-même.",Tenter un démarrage avec câbles ou batterie de secours pour distinguer une panne de batterie d'une panne de démarreur.,moyenne,connaissances_generiques_equipe,fr,2026-08-16,,,demarreur;solenoide;batterie
kb-v1-0007,Grincement métallique aigu et continu au freinage,*,freins,Plaquettes de frein usées jusqu'à l'indicateur d'usure,"La plupart des plaquettes intègrent une languette métallique qui frotte volontairement le disque une fois la garniture presque épuisée, pour signaler l'usure avant un contact métal contre métal.",Ne pas ignorer ce bruit ; faire contrôler l'épaisseur des plaquettes rapidement pour éviter d'endommager les disques.,elevee,connaissances_generiques_equipe,fr,2026-08-16,,,plaquettes;freinage;usure
kb-v1-0008,La pédale de frein s'enfonce plus que d'habitude ou devient molle,*,freins,Présence d'air dans le circuit de freinage ou fuite de liquide de frein,Le freinage repose sur une pression hydraulique transmise par le liquide de frein ; toute présence d'air ou fuite réduit cette pression et donc l'efficacité du freinage.,"Vérifier visuellement le niveau du liquide de frein sous le capot ; si le niveau est bas ou baisse rapidement, éviter de rouler et consulter un professionnel en urgence.",critique,connaissances_generiques_equipe,fr,2026-08-16,,,liquide_frein;pedale_molle;securite
kb-v1-0009,Vibration ou tremblement dans le volant ou la pédale au freinage,*,freins;bruit_vibration,Disques de frein voilés ou usure irrégulière des plaquettes,Un disque légèrement déformé par la chaleur ou l'usure crée une variation d'épaisseur qui se traduit par une vibration transmise au volant ou à la pédale lors du freinage.,Noter si la vibration apparaît uniquement au freinage et si elle s'accentue à haute vitesse ou après un freinage prolongé en descente.,moyenne,connaissances_generiques_equipe,fr,2026-08-16,,,disques;vibration;freinage
kb-v1-0010,Le voyant température monte anormalement ou de la vapeur sort du capot,*,refroidissement;surchauffe;obd_dtc,"Niveau de liquide de refroidissement bas, fuite dans le circuit, ou ventilateur de refroidissement en panne",Le moteur a besoin d'un circuit de refroidissement fermé et sous pression pour maintenir sa température de fonctionnement ; toute fuite ou panne de ventilateur peut mener à la surchauffe.,"Arrêter le véhicule dès que possible, couper le moteur, ne jamais ouvrir le bouchon du circuit de refroidissement à chaud, puis vérifier le niveau une fois le moteur refroidi.",critique,connaissances_generiques_equipe,fr,2026-08-16,P0217,,surchauffe;liquide_refroidissement;ventilateur
kb-v1-0011,Odeur sucrée et flaque colorée sous la voiture garée,*,refroidissement,"Fuite de liquide de refroidissement au niveau d'une durite, du radiateur, ou plus rarement du joint de culasse",Le liquide de refroidissement a une odeur caractéristique et une couleur vive selon le type utilisé. Une fuite non traitée finit par mener à la surchauffe du moteur.,"Repérer la couleur et l'emplacement précis de la flaque, vérifier le niveau du réservoir d'expansion à froid.",moyenne,connaissances_generiques_equipe,fr,2026-08-16,,,fuite;liquide_refroidissement;radiateur
kb-v1-0012,"Défaut thermostat détecté, moteur mettant anormalement longtemps à chauffer",*,refroidissement;obd_dtc,"Thermostat bloqué en position ouverte, empêchant le moteur d'atteindre sa température normale","Le thermostat régule le passage du liquide de refroidissement vers le radiateur. S'il reste bloqué ouvert, le moteur met beaucoup plus de temps à chauffer, ce qui augmente la consommation et l'usure à froid.",Observer si le chauffage de l'habitacle met anormalement longtemps à souffler chaud et si la jauge de température reste basse en roulant.,faible,connaissances_generiques_equipe,fr,2026-08-16,P0128,,thermostat;refroidissement;temperature
kb-v1-0013,Consommation de carburant anormalement élevée par rapport à d'habitude,*,carburant;moteur,"Filtre à air ou à carburant encrassé, sonde lambda défaillante, ou pneus sous-gonflés","Plusieurs causes mécaniques ou d'entretien courant peuvent augmenter la consommation ; certaines sont bénignes comme la pression des pneus, d'autres plus techniques comme la sonde lambda.","Vérifier en premier la pression des pneus, gratuite et rapide à contrôler, puis la date du dernier changement de filtres.",faible,connaissances_generiques_equipe,fr,2026-08-16,,,consommation;sonde_lambda;pneus
kb-v1-0014,Odeur d'essence ou de carburant persistante près du véhicule,*,carburant,"Fuite au niveau du réservoir, des durites de carburant ou d'un injecteur","Une fuite de carburant constitue un risque d'incendie et doit être traitée en priorité absolue, contrairement à la plupart des autres pannes courantes.","Ne pas démarrer le moteur si l'odeur est forte, ne pas fumer à proximité, privilégier un remorquage plutôt que de rouler.",critique,connaissances_generiques_equipe,fr,2026-08-16,,,fuite_carburant;securite;incendie
kb-v1-0015,À-coups ou secousses en accélérant sur une boîte automatique,boîte automatique,transmission,"Niveau ou qualité d'huile de boîte automatique dégradée, ou capteur de vitesse défaillant",L'huile de boîte automatique se dégrade avec le temps et les hautes températures ; un niveau incorrect perturbe les changements de rapport et provoque des à-coups.,"Vérifier la date de dernière vidange de boîte, observer si les à-coups apparaissent surtout à chaud ou à froid.",moyenne,connaissances_generiques_equipe,fr,2026-08-16,,,boite_automatique;huile_boite;a_coups
kb-v1-0016,Difficulté à passer les vitesses sur une boîte manuelle,boîte manuelle,transmission,"Embrayage usé ou mal réglé, ou câble/mécanisme de sélection de vitesse défectueux","Un embrayage qui ne se débraye pas complètement empêche un passage de vitesse fluide, même moteur à l'arrêt, car le disque continue de transmettre un peu de couple.","Tester le point de patinage de l'embrayage, noter si le problème survient uniquement sur certains rapports.",moyenne,connaissances_generiques_equipe,fr,2026-08-16,,,embrayage;boite_manuelle;vitesses
kb-v1-0017,Bruit de cliquetis en tournant le volant à basse vitesse,*,bruit_vibration,Rotule de direction ou biellette de barre stabilisatrice usée,"Les éléments de direction et de suspension s'usent avec le temps et l'état des routes, ce qui provoque des jeux mécaniques audibles dans les virages ou sur les irrégularités.","Faire vérifier les rotules et biellettes lors du prochain contrôle, éviter les grandes vitesses sur route dégradée en attendant.",moyenne,connaissances_generiques_equipe,fr,2026-08-16,,,direction;suspension;biellette
kb-v1-0018,Vibration marquée dans le volant à haute vitesse sur autoroute,*,bruit_vibration,Roues déséquilibrées ou pneus déformés/usés de façon irrégulière,Un déséquilibre même léger d'une roue devient très perceptible à haute vitesse à cause de la force centrifuge exercée sur la jante et le pneu.,"Vérifier l'usure irrégulière des pneus, envisager un équilibrage des roues si le problème est apparu récemment.",faible,connaissances_generiques_equipe,fr,2026-08-16,,,equilibrage;pneus;vibration
kb-v1-0019,Perte de puissance nette en montée ou en charge avec passagers/bagages,*,perte_puissance;moteur;obd_dtc,Filtre à particules diesel encrassé/saturé ou turbocompresseur en perte de pression,"Un filtre à particules saturé ou un turbo défaillant limite la quantité d'air ou de gaz que le moteur peut gérer efficacement, ce qui se ressent surtout en charge ou en côte.","Vérifier si un voyant FAP ou antipollution est allumé, noter si la perte de puissance est progressive ou soudaine.",moyenne,connaissances_generiques_equipe,fr,2026-08-16,P2002,,fap;turbo;diesel
kb-v1-0020,Voyant batterie ou alternateur allumé pendant la conduite,*,electrique;obd_dtc,Alternateur défaillant ou courroie d'alternateur détendue/cassée,"L'alternateur recharge la batterie pendant que le moteur tourne ; s'il ne fonctionne plus, le véhicule consomme uniquement la charge résiduelle de la batterie jusqu'à la panne complète.","Éviter les trajets longs, couper les équipements électriques non essentiels (climatisation, radio), faire vérifier rapidement.",elevee,connaissances_generiques_equipe,fr,2026-08-16,P0562,,alternateur;courroie;charge_batterie
kb-v1-0021,Vidange jamais réalisée depuis plus de 15 000 km ou 1 an,*,maintenance,Entretien préventif en retard,L'huile moteur se dégrade avec le temps et le kilométrage ; un retard de vidange accélère l'usure des pièces internes du moteur.,"Vérifier la date et le kilométrage de la dernière vidange au carnet d'entretien, contrôler la couleur et le niveau de l'huile sur la jauge.",faible,connaissances_generiques_equipe,fr,2026-08-16,,,vidange;entretien_preventif;huile_moteur
kb-v1-0022,Code défaut rendement catalyseur en dessous du seuil requis,*,moteur;obd_dtc,"Catalyseur vieillissant ou dégradé, souvent conséquence de ratés d'allumage prolongés non traités","Le catalyseur perd en efficacité avec l'âge ou s'il a été exposé à du carburant non brûlé suite à des ratés d'allumage répétés, ce qui déclenche ce code une fois son rendement sous le seuil réglementaire.","Vérifier si ce code apparaît en même temps qu'un code de raté d'allumage, ce qui orienterait d'abord vers la cause initiale plutôt que le catalyseur lui-même.",moyenne,connaissances_generiques_equipe,fr,2026-08-16,P0420,,catalyseur;rendement;antipollution
